Game Turn, Player, Action, , 0, 1, 2, 3, 4, 5, 6, 7, 8, 9, 10, 11, 12, 13, 14, 62, 63
1, 0, ,,,,,,,,,,,,,,,,,,,,,,,,,,,,,,,,,,,,,,,,,,,,,,,,,,,,,,,,,,,,,,,, 0:DIPLO_STATE_FREE_CITIES_NEUTRAL, 0:
1, 0, Threat and Trust,,,,,,,,,,,,,,,,,,,,,,,,,,,,,,,,,,,,,,,,,,,,,,,,,,,,,,,,,,,,,,,, 0.00:1:0.00, 0.00:1:0.00
1, 0, ,,,,,,,,,,,,,,,,,,,,,,,,,,,,,,,,,,,,,,,,,,,,,,,,,,,,,,,,,,,,,,,, 0:DIPLO_STATE_FREE_CITIES_NEUTRAL, 0:
1, 0, Threat and Trust,,,,,,,,,,,,,,,,,,,,,,,,,,,,,,,,,,,,,,,,,,,,,,,,,,,,,,,,,,,,,,,, 0.00:1:0.00, 0.00:1:0.00
1, 1, ,,,,,,,,,,,,,,,,,,,,,,,,,,,,,,,,,,,,,,,,,,,,,,,,,,,,,,,,,,,,,,,, 0:DIPLO_STATE_FREE_CITIES_NEUTRAL, 0:
1, 1, Threat and Trust,,,,,,,,,,,,,,,,,,,,,,,,,,,,,,,,,,,,,,,,,,,,,,,,,,,,,,,,,,,,,,,, 0.00:1:0.00, 0.00:1:0.00
1, 2, ,,,,,,,,,,,,,,,,,,,,,,,,,,,,,,,,,,,,,,,,,,,,,,,,,,,,,,,,,,,,,,,, 0:DIPLO_STATE_FREE_CITIES_NEUTRAL, 0:
1, 2, Threat and Trust,,,,,,,,,,,,,,,,,,,,,,,,,,,,,,,,,,,,,,,,,,,,,,,,,,,,,,,,,,,,,,,, 0.00:1:0.00, 0.00:1:0.00
1, 3, ,,,,,,,,,,,,,,,,,,,,,,,,,,,,,,,,,,,,,,,,,,,,,,,,,,,,,,,,,,,,,,,, 0:DIPLO_STATE_FREE_CITIES_NEUTRAL, 0:
1, 3, Threat and Trust,,,,,,,,,,,,,,,,,,,,,,,,,,,,,,,,,,,,,,,,,,,,,,,,,,,,,,,,,,,,,,,, 0.00:1:0.00, 0.00:1:0.00
1, 4, ,,,,,,,,,,,,,,,,,,,,,,,,,,,,,,,,,,,,,,,,,,,,,,,,,,,,,,,,,,,,,,,, 0:DIPLO_STATE_FREE_CITIES_NEUTRAL, 0:
1, 4, Threat and Trust,,,,,,,,,,,,,,,,,,,,,,,,,,,,,,,,,,,,,,,,,,,,,,,,,,,,,,,,,,,,,,,, 0.00:1:0.00, 0.00:1:0.00
1, 5, ,,,,,,,,,,,,,,,,,,,,,,,,,,,,,,,,,,,,,,,,,,,,,,,,,,,,,,,,,,,,,,,, 0:DIPLO_STATE_FREE_CITIES_NEUTRAL, 0:
1, 5, Threat and Trust,,,,,,,,,,,,,,,,,,,,,,,,,,,,,,,,,,,,,,,,,,,,,,,,,,,,,,,,,,,,,,,, 0.00:1:0.00, 0.00:1:0.00
1, 6, ,,,,,,,,,,,,,,,,,,,,,,,,,,,,,,,,,,,,,,,,,,,,,,,,,,,,,,,,,,,,,,,,, 0:
1, 6, Threat and Trust,,,,,,,,,,,,,,,,,,,,,,,,,,,,,,,,,,,,,,,,,,,,,,,,,,,,,,,,,,,,,,,,, 0.00:1:0.00
1, 7, ,,,,,,,,,,,,,,,,,,,,,,,,,,,,,,,,,,,,,,,,,,,,,,,,,,,,,,,,,,,,,,,,, 0:
1, 7, Threat and Trust,,,,,,,,,,,,,,,,,,,,,,,,,,,,,,,,,,,,,,,,,,,,,,,,,,,,,,,,,,,,,,,,, 0.00:1:0.00
1, 8, ,,,,,,,,,,,,,,,,,,,,,,,,,,,,,,,,,,,,,,,,,,,,,,,,,,,,,,,,,,,,,,,,, 0:
1, 8, Threat and Trust,,,,,,,,,,,,,,,,,,,,,,,,,,,,,,,,,,,,,,,,,,,,,,,,,,,,,,,,,,,,,,,,, 0.00:1:0.00
1, 9, ,,,,,,,,,,,,,,,,,,,,,,,,,,,,,,,,,,,,,,,,,,,,,,,,,,,,,,,,,,,,,,,,, 0:
1, 9, Threat and Trust,,,,,,,,,,,,,,,,,,,,,,,,,,,,,,,,,,,,,,,,,,,,,,,,,,,,,,,,,,,,,,,,, 0.00:1:0.00
1, 10, ,,,,,,,,,,,,,,,,,,,,,,,,,,,,,,,,,,,,,,,,,,,,,,,,,,,,,,,,,,,,,,,,, 0:
1, 10, Threat and Trust,,,,,,,,,,,,,,,,,,,,,,,,,,,,,,,,,,,,,,,,,,,,,,,,,,,,,,,,,,,,,,,,, 0.00:1:0.00
1, 11, ,,,,,,,,,,,,,,,,,,,,,,,,,,,,,,,,,,,,,,,,,,,,,,,,,,,,,,,,,,,,,,,,, 0:
1, 11, Threat and Trust,,,,,,,,,,,,,,,,,,,,,,,,,,,,,,,,,,,,,,,,,,,,,,,,,,,,,,,,,,,,,,,,, 0.00:1:0.00
1, 12, ,,,,,,,,,,,,,,,,,,,,,,,,,,,,,,,,,,,,,,,,,,,,,,,,,,,,,,,,,,,,,,,,, 0:
1, 12, Threat and Trust,,,,,,,,,,,,,,,,,,,,,,,,,,,,,,,,,,,,,,,,,,,,,,,,,,,,,,,,,,,,,,,,, 0.00:1:0.00
1, 13, ,,,,,,,,,,,,,,,,,,,,,,,,,,,,,,,,,,,,,,,,,,,,,,,,,,,,,,,,,,,,,,,,, 0:
1, 13, Threat and Trust,,,,,,,,,,,,,,,,,,,,,,,,,,,,,,,,,,,,,,,,,,,,,,,,,,,,,,,,,,,,,,,,, 0.00:1:0.00
1, 14, ,,,,,,,,,,,,,,,,,,,,,,,,,,,,,,,,,,,,,,,,,,,,,,,,,,,,,,,,,,,,,,,,, 0:
1, 14, Threat and Trust,,,,,,,,,,,,,,,,,,,,,,,,,,,,,,,,,,,,,,,,,,,,,,,,,,,,,,,,,,,,,,,,, 0.00:1:0.00
1, 62, ,, 0:DIPLO_STATE_FREE_CITIES_NEUTRAL, 0:DIPLO_STATE_FREE_CITIES_NEUTRAL, 0:DIPLO_STATE_FREE_CITIES_NEUTRAL, 0:DIPLO_STATE_FREE_CITIES_NEUTRAL, 0:DIPLO_STATE_FREE_CITIES_NEUTRAL, 0:DIPLO_STATE_FREE_CITIES_NEUTRAL,,,,,,,,,,,,,,,,,,,,,,,,,,,,,,,,,,,,,,,,,,,,,,,,,,,,,,,,,,
1, 62, Threat and Trust,, 0.00:1:0.00, 0.00:1:0.00, 0.00:1:0.00, 0.00:1:0.00, 0.00:1:0.00, 0.00:1:0.00,,,,,,,,,,,,,,,,,,,,,,,,,,,,,,,,,,,,,,,,,,,,,,,,,,,,,,,,,,
1, 63, ,, 0:, 0:, 0:, 0:, 0:, 0:, 0:, 0:, 0:, 0:, 0:, 0:, 0:, 0:, 0:,,,,,,,,,,,,,,,,,,,,,,,,,,,,,,,,,,,,,,,,,,,,,,,,,
1, 63, Threat and Trust,, 0.00:1:0.00, 0.00:1:0.00, 0.00:1:0.00, 0.00:1:0.00, 0.00:1:0.00, 0.00:1:0.00, 0.00:1:0.00, 0.00:1:0.00, 0.00:1:0.00, 0.00:1:0.00, 0.00:1:0.00, 0.00:1:0.00, 0.00:1:0.00, 0.00:1:0.00, 0.00:1:0.00,,,,,,,,,,,,,,,,,,,,,,,,,,,,,,,,,,,,,,,,,,,,,,,,,
2, 0, ,,,,,,,,,,,,,,,,,,,,,,,,,,,,,,,,,,,,,,,,,,,,,,,,,,,,,,,,,,,,,,,, 0:DIPLO_STATE_FREE_CITIES_NEUTRAL, 0:
2, 0, Threat and Trust,,,,,,,,,,,,,,,,,,,,,,,,,,,,,,,,,,,,,,,,,,,,,,,,,,,,,,,,,,,,,,,, 0.00:2:0.00, 0.00:2:0.00
2, 1, ,,,,,,,,,,,,,,,,,,,,,,,,,,,,,,,,,,,,,,,,,,,,,,,,,,,,,,,,,,,,,,,, 0:DIPLO_STATE_FREE_CITIES_NEUTRAL, 0:
2, 1, Threat and Trust,,,,,,,,,,,,,,,,,,,,,,,,,,,,,,,,,,,,,,,,,,,,,,,,,,,,,,,,,,,,,,,, 0.00:1:0.00, 0.00:1:0.00
2, 2, ,,,,,,,,,,,,,,,,,,,,,,,,,,,,,,,,,,,,,,,,,,,,,,,,,,,,,,,,,,,,,,,, 0:DIPLO_STATE_FREE_CITIES_NEUTRAL, 0:
2, 2, Threat and Trust,,,,,,,,,,,,,,,,,,,,,,,,,,,,,,,,,,,,,,,,,,,,,,,,,,,,,,,,,,,,,,,, 0.00:1:0.00, 0.00:1:0.00
2, 3, ,,,,,,,,,,,,,,,,,,,,,,,,,,,,,,,,,,,,,,,,,,,,,,,,,,,,,,,,,,,,,,,, 0:DIPLO_STATE_FREE_CITIES_NEUTRAL, 0:
2, 3, Threat and Trust,,,,,,,,,,,,,,,,,,,,,,,,,,,,,,,,,,,,,,,,,,,,,,,,,,,,,,,,,,,,,,,, 0.00:1:0.00, 0.00:1:0.00
2, 4, ,,,,,,,,,,,,,,,,,,,,,,,,,,,,,,,,,,,,,,,,,,,,,,,,,,,,,,,,,,,,,,,, 0:DIPLO_STATE_FREE_CITIES_NEUTRAL, 0:
2, 4, Threat and Trust,,,,,,,,,,,,,,,,,,,,,,,,,,,,,,,,,,,,,,,,,,,,,,,,,,,,,,,,,,,,,,,, 0.00:1:0.00, 0.00:1:0.00
2, 5, ,,,,,,,,,,,,,,,,,,,,,,,,,,,,,,,,,,,,,,,,,,,,,,,,,,,,,,,,,,,,,,,, 0:DIPLO_STATE_FREE_CITIES_NEUTRAL, 0:
2, 5, Threat and Trust,,,,,,,,,,,,,,,,,,,,,,,,,,,,,,,,,,,,,,,,,,,,,,,,,,,,,,,,,,,,,,,, 0.00:1:0.00, 0.00:1:0.00
2, 6, ,,,,,,,,,,,,,,,,,,,,,,,,,,,,,,,,,,,,,,,,,,,,,,,,,,,,,,,,,,,,,,,,, 0:
2, 6, Threat and Trust,,,,,,,,,,,,,,,,,,,,,,,,,,,,,,,,,,,,,,,,,,,,,,,,,,,,,,,,,,,,,,,,, 0.00:1:0.00
2, 7, ,,,,,,,,,,,,,,,,,,,,,,,,,,,,,,,,,,,,,,,,,,,,,,,,,,,,,,,,,,,,,,,,, 0:
2, 7, Threat and Trust,,,,,,,,,,,,,,,,,,,,,,,,,,,,,,,,,,,,,,,,,,,,,,,,,,,,,,,,,,,,,,,,, 0.00:1:0.00
2, 8, ,,,,,,,,,,,,,,,,,,,,,,,,,,,,,,,,,,,,,,,,,,,,,,,,,,,,,,,,,,,,,,,,, 0:
2, 8, Threat and Trust,,,,,,,,,,,,,,,,,,,,,,,,,,,,,,,,,,,,,,,,,,,,,,,,,,,,,,,,,,,,,,,,, 0.00:1:0.00
2, 9, ,,,,,,,,,,,,,,,,,,,,,,,,,,,,,,,,,,,,,,,,,,,,,,,,,,,,,,,,,,,,,,,,, 0:
2, 9, Threat and Trust,,,,,,,,,,,,,,,,,,,,,,,,,,,,,,,,,,,,,,,,,,,,,,,,,,,,,,,,,,,,,,,,, 0.00:1:0.00
2, 10, ,,,,,,,,,,,,,,,,,,,,,,,,,,,,,,,,,,,,,,,,,,,,,,,,,,,,,,,,,,,,,,,,, 0:
2, 10, Threat and Trust,,,,,,,,,,,,,,,,,,,,,,,,,,,,,,,,,,,,,,,,,,,,,,,,,,,,,,,,,,,,,,,,, 0.00:1:0.00
2, 11, ,,,,,,,,,,,,,,,,,,,,,,,,,,,,,,,,,,,,,,,,,,,,,,,,,,,,,,,,,,,,,,,,, 0:
2, 11, Threat and Trust,,,,,,,,,,,,,,,,,,,,,,,,,,,,,,,,,,,,,,,,,,,,,,,,,,,,,,,,,,,,,,,,, 0.00:1:0.00
2, 12, ,,,,,,,,,,,,,,,,,,,,,,,,,,,,,,,,,,,,,,,,,,,,,,,,,,,,,,,,,,,,,,,,, 0:
2, 12, Threat and Trust,,,,,,,,,,,,,,,,,,,,,,,,,,,,,,,,,,,,,,,,,,,,,,,,,,,,,,,,,,,,,,,,, 0.00:1:0.00
2, 13, ,,,,,,,,,,,,,,,,,,,,,,,,,,,,,,,,,,,,,,,,,,,,,,,,,,,,,,,,,,,,,,,,, 0:
2, 13, Threat and Trust,,,,,,,,,,,,,,,,,,,,,,,,,,,,,,,,,,,,,,,,,,,,,,,,,,,,,,,,,,,,,,,,, 0.00:1:0.00
2, 14, ,,,,,,,,,,,,,,,,,,,,,,,,,,,,,,,,,,,,,,,,,,,,,,,,,,,,,,,,,,,,,,,,, 0:
2, 14, Threat and Trust,,,,,,,,,,,,,,,,,,,,,,,,,,,,,,,,,,,,,,,,,,,,,,,,,,,,,,,,,,,,,,,,, 0.00:1:0.00
2, 62, ,, 0:DIPLO_STATE_FREE_CITIES_NEUTRAL, 0:DIPLO_STATE_FREE_CITIES_NEUTRAL, 0:DIPLO_STATE_FREE_CITIES_NEUTRAL, 0:DIPLO_STATE_FREE_CITIES_NEUTRAL, 0:DIPLO_STATE_FREE_CITIES_NEUTRAL, 0:DIPLO_STATE_FREE_CITIES_NEUTRAL,,,,,,,,,,,,,,,,,,,,,,,,,,,,,,,,,,,,,,,,,,,,,,,,,,,,,,,,,,
2, 62, Threat and Trust,, 60.16:1:0.00, 0.00:2:0.00, 0.00:2:0.00, 0.00:2:0.00, 0.00:2:0.00, 0.00:2:0.00,,,,,,,,,,,,,,,,,,,,,,,,,,,,,,,,,,,,,,,,,,,,,,,,,,,,,,,,,,
2, 63, ,, 0:, 0:, 0:, 0:, 0:, 0:, 0:, 0:, 0:, 0:, 0:, 0:, 0:, 0:, 0:,,,,,,,,,,,,,,,,,,,,,,,,,,,,,,,,,,,,,,,,,,,,,,,,,
2, 63, Threat and Trust,, 0.00:1:0.00, 0.00:1:0.00, 0.00:1:0.00, 0.00:1:0.00, 0.00:1:0.00, 0.00:1:0.00, 0.00:1:0.00, 0.00:1:0.00, 0.00:1:0.00, 0.00:1:0.00, 0.00:1:0.00, 0.00:1:0.00, 0.00:1:0.00, 0.00:1:0.00, 0.00:1:0.00,,,,,,,,,,,,,,,,,,,,,,,,,,,,,,,,,,,,,,,,,,,,,,,,,
3, 0, ,,,,,,,,,,,,,,,,,,,,,,,,,,,,,,,,,,,,,,,,,,,,,,,,,,,,,,,,,,,,,,,, 0:DIPLO_STATE_FREE_CITIES_NEUTRAL, 0:
3, 0, Threat and Trust,,,,,,,,,,,,,,,,,,,,,,,,,,,,,,,,,,,,,,,,,,,,,,,,,,,,,,,,,,,,,,,, 0.00:1:0.00, 0.00:1:0.00
3, 1, ,,,,,,,,,,,,,,,,,,,,,,,,,,,,,,,,,,,,,,,,,,,,,,,,,,,,,,,,,,,,,,,, 0:DIPLO_STATE_FREE_CITIES_NEUTRAL, 0:
3, 1, Threat and Trust,,,,,,,,,,,,,,,,,,,,,,,,,,,,,,,,,,,,,,,,,,,,,,,,,,,,,,,,,,,,,,,, 0.00:2:0.00, 0.00:2:0.00
3, 2, ,,,,,,,,,,,,,,,,,,,,,,,,,,,,,,,,,,,,,,,,,,,,,,,,,,,,,,,,,,,,,,,, 0:DIPLO_STATE_FREE_CITIES_NEUTRAL, 0:
3, 2, Threat and Trust,,,,,,,,,,,,,,,,,,,,,,,,,,,,,,,,,,,,,,,,,,,,,,,,,,,,,,,,,,,,,,,, 0.00:1:0.00, 0.00:1:0.00
3, 3, ,,,,,,,,,,,,,,,,,,,,,,,,,,,,,,,,,,,,,,,,,,,,,,,,,,,,,,,,,,,,,,,, 0:DIPLO_STATE_FREE_CITIES_NEUTRAL, 0:
3, 3, Threat and Trust,,,,,,,,,,,,,,,,,,,,,,,,,,,,,,,,,,,,,,,,,,,,,,,,,,,,,,,,,,,,,,,, 0.00:1:0.00, 0.00:1:0.00
3, 4, ,,,,,,,,,,,,,,,,,,,,,,,,,,,,,,,,,,,,,,,,,,,,,,,,,,,,,,,,,,,,,,,, 0:DIPLO_STATE_FREE_CITIES_NEUTRAL, 0:
3, 4, Threat and Trust,,,,,,,,,,,,,,,,,,,,,,,,,,,,,,,,,,,,,,,,,,,,,,,,,,,,,,,,,,,,,,,, 0.00:1:0.00, 0.00:1:0.00
3, 5, ,,,,,,,,,,,,,,,,,,,,,,,,,,,,,,,,,,,,,,,,,,,,,,,,,,,,,,,,,,,,,,,, 0:DIPLO_STATE_FREE_CITIES_NEUTRAL, 0:
3, 5, Threat and Trust,,,,,,,,,,,,,,,,,,,,,,,,,,,,,,,,,,,,,,,,,,,,,,,,,,,,,,,,,,,,,,,, 0.00:1:0.00, 0.00:1:0.00
3, 6, ,,,,,,,,,,,,,,,,,,,,,,,,,,,,,,,,,,,,,,,,,,,,,,,,,,,,,,,,,,,,,,,,, 0:
3, 6, Threat and Trust,,,,,,,,,,,,,,,,,,,,,,,,,,,,,,,,,,,,,,,,,,,,,,,,,,,,,,,,,,,,,,,,, 0.00:1:0.00
3, 7, ,,,,,,,,,,,,,,,,,,,,,,,,,,,,,,,,,,,,,,,,,,,,,,,,,,,,,,,,,,,,,,,,, 0:
3, 7, Threat and Trust,,,,,,,,,,,,,,,,,,,,,,,,,,,,,,,,,,,,,,,,,,,,,,,,,,,,,,,,,,,,,,,,, 0.00:1:0.00
3, 8, ,,,,,,,,,,,,,,,,,,,,,,,,,,,,,,,,,,,,,,,,,,,,,,,,,,,,,,,,,,,,,,,,, 0:
3, 8, Threat and Trust,,,,,,,,,,,,,,,,,,,,,,,,,,,,,,,,,,,,,,,,,,,,,,,,,,,,,,,,,,,,,,,,, 0.00:1:0.00
3, 9, ,,,,,,,,,,,,,,,,,,,,,,,,,,,,,,,,,,,,,,,,,,,,,,,,,,,,,,,,,,,,,,,,, 0:
3, 9, Threat and Trust,,,,,,,,,,,,,,,,,,,,,,,,,,,,,,,,,,,,,,,,,,,,,,,,,,,,,,,,,,,,,,,,, 0.00:1:0.00
3, 10, ,,,,,,,,,,,,,,,,,,,,,,,,,,,,,,,,,,,,,,,,,,,,,,,,,,,,,,,,,,,,,,,,, 0:
3, 10, Threat and Trust,,,,,,,,,,,,,,,,,,,,,,,,,,,,,,,,,,,,,,,,,,,,,,,,,,,,,,,,,,,,,,,,, 0.00:1:0.00
3, 11, ,,,,,,,,,,,,,,,,,,,,,,,,,,,,,,,,,,,,,,,,,,,,,,,,,,,,,,,,,,,,,,,,, 0:
3, 11, Threat and Trust,,,,,,,,,,,,,,,,,,,,,,,,,,,,,,,,,,,,,,,,,,,,,,,,,,,,,,,,,,,,,,,,, 0.00:1:0.00
3, 12, ,,,,,,,,,,,,,,,,,,,,,,,,,,,,,,,,,,,,,,,,,,,,,,,,,,,,,,,,,,,,,,,,, 0:
3, 12, Threat and Trust,,,,,,,,,,,,,,,,,,,,,,,,,,,,,,,,,,,,,,,,,,,,,,,,,,,,,,,,,,,,,,,,, 0.00:1:0.00
3, 13, ,,,,,,,,,,,,,,,,,,,,,,,,,,,,,,,,,,,,,,,,,,,,,,,,,,,,,,,,,,,,,,,,, 0:
3, 13, Threat and Trust,,,,,,,,,,,,,,,,,,,,,,,,,,,,,,,,,,,,,,,,,,,,,,,,,,,,,,,,,,,,,,,,, 0.00:1:0.00
3, 14, ,,,,,,,,,,,,,,,,,,,,,,,,,,,,,,,,,,,,,,,,,,,,,,,,,,,,,,,,,,,,,,,,, 0:
3, 14, Threat and Trust,,,,,,,,,,,,,,,,,,,,,,,,,,,,,,,,,,,,,,,,,,,,,,,,,,,,,,,,,,,,,,,,, 0.00:1:0.00
3, 62, ,, 0:DIPLO_STATE_FREE_CITIES_NEUTRAL, 0:DIPLO_STATE_FREE_CITIES_NEUTRAL, 0:DIPLO_STATE_FREE_CITIES_NEUTRAL, 0:DIPLO_STATE_FREE_CITIES_NEUTRAL, 0:DIPLO_STATE_FREE_CITIES_NEUTRAL, 0:DIPLO_STATE_FREE_CITIES_NEUTRAL,,,,,,,,,,,,,,,,,,,,,,,,,,,,,,,,,,,,,,,,,,,,,,,,,,,,,,,,,,
3, 62, Threat and Trust,, 0.00:2:0.00, 60.16:1:0.00, 0.00:2:0.00, 0.00:2:0.00, 0.00:2:0.00, 0.00:2:0.00,,,,,,,,,,,,,,,,,,,,,,,,,,,,,,,,,,,,,,,,,,,,,,,,,,,,,,,,,,
3, 63, ,, 0:, 0:, 0:, 0:, 0:, 0:, 0:, 0:, 0:, 0:, 0:, 0:, 0:, 0:, 0:,,,,,,,,,,,,,,,,,,,,,,,,,,,,,,,,,,,,,,,,,,,,,,,,,
3, 63, Threat and Trust,, 0.00:1:0.00, 0.00:1:0.00, 0.00:1:0.00, 0.00:1:0.00, 0.00:1:0.00, 0.00:1:0.00, 0.00:1:0.00, 0.00:1:0.00, 0.00:1:0.00, 0.00:1:0.00, 0.00:1:0.00, 0.00:1:0.00, 0.00:1:0.00, 0.00:1:0.00, 0.00:1:0.00,,,,,,,,,,,,,,,,,,,,,,,,,,,,,,,,,,,,,,,,,,,,,,,,,
4, 0, ,,,,,,,,,,,,,,,,,,,,,,,,,,,,,,,,,,,,,,,,,,,,,,,,,,,,,,,,,,,,,,,, 0:DIPLO_STATE_FREE_CITIES_NEUTRAL, 0:
4, 0, Threat and Trust,,,,,,,,,,,,,,,,,,,,,,,,,,,,,,,,,,,,,,,,,,,,,,,,,,,,,,,,,,,,,,,, 0.00:2:0.00, 0.00:2:0.00
4, 1, ,,,,,,,,,,,,,,,,,,,,,,,,,,,,,,,,,,,,,,,,,,,,,,,,,,,,,,,,,,,,,,,, 0:DIPLO_STATE_FREE_CITIES_NEUTRAL, 0:
4, 1, Threat and Trust,,,,,,,,,,,,,,,,,,,,,,,,,,,,,,,,,,,,,,,,,,,,,,,,,,,,,,,,,,,,,,,, 0.00:1:0.00, 0.00:1:0.00
4, 2, ,,,,,,,,,,,,,,,,,,,,,,,,,,,,,,,,,,,,,,,,,,,,,,,,,,,,,,,,,,,,,,,, 0:DIPLO_STATE_FREE_CITIES_NEUTRAL, 0:
4, 2, Threat and Trust,,,,,,,,,,,,,,,,,,,,,,,,,,,,,,,,,,,,,,,,,,,,,,,,,,,,,,,,,,,,,,,, 0.00:1:0.00, 0.00:1:0.00
4, 3, ,,,,,,,,,,,,,,,,,,,,,,,,,,,,,,,,,,,,,,,,,,,,,,,,,,,,,,,,,,,,,,,, 0:DIPLO_STATE_FREE_CITIES_NEUTRAL, 0:
4, 3, Threat and Trust,,,,,,,,,,,,,,,,,,,,,,,,,,,,,,,,,,,,,,,,,,,,,,,,,,,,,,,,,,,,,,,, 0.00:1:0.00, 0.00:1:0.00
4, 4, ,,,,,,,,,,,,,,,,,,,,,,,,,,,,,,,,,,,,,,,,,,,,,,,,,,,,,,,,,,,,,,,, 0:DIPLO_STATE_FREE_CITIES_NEUTRAL, 0:
4, 4, Threat and Trust,,,,,,,,,,,,,,,,,,,,,,,,,,,,,,,,,,,,,,,,,,,,,,,,,,,,,,,,,,,,,,,, 0.00:1:0.00, 0.00:1:0.00
4, 5, ,,,,,,,,,,,,,,,,,,,,,,,,,,,,,,,,,,,,,,,,,,,,,,,,,,,,,,,,,,,,,,,, 0:DIPLO_STATE_FREE_CITIES_NEUTRAL, 0:
4, 5, Threat and Trust,,,,,,,,,,,,,,,,,,,,,,,,,,,,,,,,,,,,,,,,,,,,,,,,,,,,,,,,,,,,,,,, 0.00:1:0.00, 0.00:1:0.00
4, 6, ,,,,,,,,,,,,,,,,,,,,,,,,,,,,,,,,,,,,,,,,,,,,,,,,,,,,,,,,,,,,,,,,, 0:
4, 6, Threat and Trust,,,,,,,,,,,,,,,,,,,,,,,,,,,,,,,,,,,,,,,,,,,,,,,,,,,,,,,,,,,,,,,,, 0.00:1:0.00
4, 7, ,,,,,,,,,,,,,,,,,,,,,,,,,,,,,,,,,,,,,,,,,,,,,,,,,,,,,,,,,,,,,,,,, 0:
4, 7, Threat and Trust,,,,,,,,,,,,,,,,,,,,,,,,,,,,,,,,,,,,,,,,,,,,,,,,,,,,,,,,,,,,,,,,, 0.00:1:0.00
4, 8, ,,,,,,,,,,,,,,,,,,,,,,,,,,,,,,,,,,,,,,,,,,,,,,,,,,,,,,,,,,,,,,,,, 0:
4, 8, Threat and Trust,,,,,,,,,,,,,,,,,,,,,,,,,,,,,,,,,,,,,,,,,,,,,,,,,,,,,,,,,,,,,,,,, 0.00:1:0.00
4, 9, ,,,,,,,,,,,,,,,,,,,,,,,,,,,,,,,,,,,,,,,,,,,,,,,,,,,,,,,,,,,,,,,,, 0:
4, 9, Threat and Trust,,,,,,,,,,,,,,,,,,,,,,,,,,,,,,,,,,,,,,,,,,,,,,,,,,,,,,,,,,,,,,,,, 0.00:1:0.00
4, 10, ,,,,,,,,,,,,,,,,,,,,,,,,,,,,,,,,,,,,,,,,,,,,,,,,,,,,,,,,,,,,,,,,, 0:
4, 10, Threat and Trust,,,,,,,,,,,,,,,,,,,,,,,,,,,,,,,,,,,,,,,,,,,,,,,,,,,,,,,,,,,,,,,,, 0.00:1:0.00
4, 11, ,,,,,,,,,,,,,,,,,,,,,,,,,,,,,,,,,,,,,,,,,,,,,,,,,,,,,,,,,,,,,,,,, 0:
4, 11, Threat and Trust,,,,,,,,,,,,,,,,,,,,,,,,,,,,,,,,,,,,,,,,,,,,,,,,,,,,,,,,,,,,,,,,, 0.00:1:0.00
4, 12, ,,,,,,,,,,,,,,,,,,,,,,,,,,,,,,,,,,,,,,,,,,,,,,,,,,,,,,,,,,,,,,,,, 0:
4, 12, Threat and Trust,,,,,,,,,,,,,,,,,,,,,,,,,,,,,,,,,,,,,,,,,,,,,,,,,,,,,,,,,,,,,,,,, 0.00:1:0.00
4, 13, ,,,,,,,,,,,,,,,,,,,,,,,,,,,,,,,,,,,,,,,,,,,,,,,,,,,,,,,,,,,,,,,,, 0:
4, 13, Threat and Trust,,,,,,,,,,,,,,,,,,,,,,,,,,,,,,,,,,,,,,,,,,,,,,,,,,,,,,,,,,,,,,,,, 0.00:1:0.00
4, 14, ,,,,,,,,,,,,,,,,,,,,,,,,,,,,,,,,,,,,,,,,,,,,,,,,,,,,,,,,,,,,,,,,, 0:
4, 14, Threat and Trust,,,,,,,,,,,,,,,,,,,,,,,,,,,,,,,,,,,,,,,,,,,,,,,,,,,,,,,,,,,,,,,,, 0.00:1:0.00
4, 62, ,, 0:DIPLO_STATE_FREE_CITIES_NEUTRAL, 0:DIPLO_STATE_FREE_CITIES_NEUTRAL, 0:DIPLO_STATE_FREE_CITIES_NEUTRAL, 0:DIPLO_STATE_FREE_CITIES_NEUTRAL, 0:DIPLO_STATE_FREE_CITIES_NEUTRAL, 0:DIPLO_STATE_FREE_CITIES_NEUTRAL,,,,,,,,,,,,,,,,,,,,,,,,,,,,,,,,,,,,,,,,,,,,,,,,,,,,,,,,,,
4, 62, Threat and Trust,, 60.16:1:0.00, 0.00:2:0.00, 0.00:2:0.00, 0.00:2:0.00, 0.00:2:0.00, 0.00:2:0.00,,,,,,,,,,,,,,,,,,,,,,,,,,,,,,,,,,,,,,,,,,,,,,,,,,,,,,,,,,
4, 63, ,, 0:, 0:, 0:, 0:, 0:, 0:, 0:, 0:, 0:, 0:, 0:, 0:, 0:, 0:, 0:,,,,,,,,,,,,,,,,,,,,,,,,,,,,,,,,,,,,,,,,,,,,,,,,,
4, 63, Threat and Trust,, 0.00:1:0.00, 0.00:1:0.00, 0.00:1:0.00, 0.00:1:0.00, 0.00:1:0.00, 0.00:1:0.00, 0.00:1:0.00, 0.00:1:0.00, 0.00:1:0.00, 0.00:1:0.00, 0.00:1:0.00, 0.00:1:0.00, 0.00:1:0.00, 0.00:1:0.00, 0.00:1:0.00,,,,,,,,,,,,,,,,,,,,,,,,,,,,,,,,,,,,,,,,,,,,,,,,,
5, 0, ,,,,,,,,,,,,,,,,,,,,,,,,,,,,,,,,,,,,,,,,,,,,,,,,,,,,,,,,,,,,,,,, 0:DIPLO_STATE_FREE_CITIES_NEUTRAL, 0:
5, 0, Threat and Trust,,,,,,,,,,,,,,,,,,,,,,,,,,,,,,,,,,,,,,,,,,,,,,,,,,,,,,,,,,,,,,,, 0.00:2:0.00, 0.00:2:0.00
5, 1, ,,,,,,,,,,,,,,,,,,,,,,,,,,,,,,,,,,,,,,,,,,,,,,,,,,,,,,,,,,,,,,,, 0:DIPLO_STATE_FREE_CITIES_NEUTRAL, 0:
5, 1, Threat and Trust,,,,,,,,,,,,,,,,,,,,,,,,,,,,,,,,,,,,,,,,,,,,,,,,,,,,,,,,,,,,,,,, 0.00:1:0.00, 0.00:1:0.00
5, 2, ,,,,,,,,,,,,,,,,,,,,,,,,,,,,,,,,,,,,,,,,,,,,,,,,,,,,,,,,,,,,,,,, 0:DIPLO_STATE_FREE_CITIES_NEUTRAL, 0:
5, 2, Threat and Trust,,,,,,,,,,,,,,,,,,,,,,,,,,,,,,,,,,,,,,,,,,,,,,,,,,,,,,,,,,,,,,,, 0.00:1:0.00, 0.00:1:0.00
5, 3, ,,,,,,,,,,,,,,,,,,,,,,,,,,,,,,,,,,,,,,,,,,,,,,,,,,,,,,,,,,,,,,,, 0:DIPLO_STATE_FREE_CITIES_NEUTRAL, 0:
5, 3, Threat and Trust,,,,,,,,,,,,,,,,,,,,,,,,,,,,,,,,,,,,,,,,,,,,,,,,,,,,,,,,,,,,,,,, 0.00:1:0.00, 0.00:1:0.00
5, 4, ,,,,,,,,,,,,,,,,,,,,,,,,,,,,,,,,,,,,,,,,,,,,,,,,,,,,,,,,,,,,,,,, 0:DIPLO_STATE_FREE_CITIES_NEUTRAL, 0:
5, 4, Threat and Trust,,,,,,,,,,,,,,,,,,,,,,,,,,,,,,,,,,,,,,,,,,,,,,,,,,,,,,,,,,,,,,,, 0.00:1:0.00, 0.00:1:0.00
5, 5, ,,,,,,,,,,,,,,,,,,,,,,,,,,,,,,,,,,,,,,,,,,,,,,,,,,,,,,,,,,,,,,,, 0:DIPLO_STATE_FREE_CITIES_NEUTRAL, 0:
5, 5, Threat and Trust,,,,,,,,,,,,,,,,,,,,,,,,,,,,,,,,,,,,,,,,,,,,,,,,,,,,,,,,,,,,,,,, 0.00:1:0.00, 0.00:1:0.00
5, 6, ,,,,,,,,,,,,,,,,,,,,,,,,,,,,,,,,,,,,,,,,,,,,,,,,,,,,,,,,,,,,,,,,, 0:
5, 6, Threat and Trust,,,,,,,,,,,,,,,,,,,,,,,,,,,,,,,,,,,,,,,,,,,,,,,,,,,,,,,,,,,,,,,,, 0.00:1:0.00
5, 7, ,,,,,,,,,,,,,,,,,,,,,,,,,,,,,,,,,,,,,,,,,,,,,,,,,,,,,,,,,,,,,,,,, 0:
5, 7, Threat and Trust,,,,,,,,,,,,,,,,,,,,,,,,,,,,,,,,,,,,,,,,,,,,,,,,,,,,,,,,,,,,,,,,, 0.00:1:0.00
5, 8, ,,,,,,,,,,,,,,,,,,,,,,,,,,,,,,,,,,,,,,,,,,,,,,,,,,,,,,,,,,,,,,,,, 0:
5, 8, Threat and Trust,,,,,,,,,,,,,,,,,,,,,,,,,,,,,,,,,,,,,,,,,,,,,,,,,,,,,,,,,,,,,,,,, 0.00:1:0.00
5, 9, ,,,,,,,,,,,,,,,,,,,,,,,,,,,,,,,,,,,,,,,,,,,,,,,,,,,,,,,,,,,,,,,,, 0:
5, 9, Threat and Trust,,,,,,,,,,,,,,,,,,,,,,,,,,,,,,,,,,,,,,,,,,,,,,,,,,,,,,,,,,,,,,,,, 0.00:1:0.00
5, 10, ,,,,,,,,,,,,,,,,,,,,,,,,,,,,,,,,,,,,,,,,,,,,,,,,,,,,,,,,,,,,,,,,, 0:
5, 10, Threat and Trust,,,,,,,,,,,,,,,,,,,,,,,,,,,,,,,,,,,,,,,,,,,,,,,,,,,,,,,,,,,,,,,,, 0.00:1:0.00
5, 11, ,,,,,,,,,,,,,,,,,,,,,,,,,,,,,,,,,,,,,,,,,,,,,,,,,,,,,,,,,,,,,,,,, 0:
5, 11, Threat and Trust,,,,,,,,,,,,,,,,,,,,,,,,,,,,,,,,,,,,,,,,,,,,,,,,,,,,,,,,,,,,,,,,, 0.00:1:0.00
5, 12, ,,,,,,,,,,,,,,,,,,,,,,,,,,,,,,,,,,,,,,,,,,,,,,,,,,,,,,,,,,,,,,,,, 0:
5, 12, Threat and Trust,,,,,,,,,,,,,,,,,,,,,,,,,,,,,,,,,,,,,,,,,,,,,,,,,,,,,,,,,,,,,,,,, 0.00:1:0.00
5, 13, ,,,,,,,,,,,,,,,,,,,,,,,,,,,,,,,,,,,,,,,,,,,,,,,,,,,,,,,,,,,,,,,,, 0:
5, 13, Threat and Trust,,,,,,,,,,,,,,,,,,,,,,,,,,,,,,,,,,,,,,,,,,,,,,,,,,,,,,,,,,,,,,,,, 0.00:1:0.00
5, 14, ,,,,,,,,,,,,,,,,,,,,,,,,,,,,,,,,,,,,,,,,,,,,,,,,,,,,,,,,,,,,,,,,, 0:
5, 14, Threat and Trust,,,,,,,,,,,,,,,,,,,,,,,,,,,,,,,,,,,,,,,,,,,,,,,,,,,,,,,,,,,,,,,,, 0.00:1:0.00
5, 62, ,, 0:DIPLO_STATE_FREE_CITIES_NEUTRAL, 0:DIPLO_STATE_FREE_CITIES_NEUTRAL, 0:DIPLO_STATE_FREE_CITIES_NEUTRAL, 0:DIPLO_STATE_FREE_CITIES_NEUTRAL, 0:DIPLO_STATE_FREE_CITIES_NEUTRAL, 0:DIPLO_STATE_FREE_CITIES_NEUTRAL,,,,,,,,,,,,,,,,,,,,,,,,,,,,,,,,,,,,,,,,,,,,,,,,,,,,,,,,,,
5, 62, Threat and Trust,, 60.16:1:0.00, 0.00:2:0.00, 0.00:2:0.00, 0.00:2:0.00, 0.00:2:0.00, 0.00:2:0.00,,,,,,,,,,,,,,,,,,,,,,,,,,,,,,,,,,,,,,,,,,,,,,,,,,,,,,,,,,
5, 63, ,, 0:, 0:, 0:, 0:, 0:, 0:, 0:, 0:, 0:, 0:, 0:, 0:, 0:, 0:, 0:,,,,,,,,,,,,,,,,,,,,,,,,,,,,,,,,,,,,,,,,,,,,,,,,,
5, 63, Threat and Trust,, 0.00:1:0.00, 0.00:1:0.00, 0.00:1:0.00, 0.00:1:0.00, 0.00:1:0.00, 0.00:1:0.00, 0.00:1:0.00, 0.00:1:0.00, 0.00:1:0.00, 0.00:1:0.00, 0.00:1:0.00, 0.00:1:0.00, 0.00:1:0.00, 0.00:1:0.00, 0.00:1:0.00,,,,,,,,,,,,,,,,,,,,,,,,,,,,,,,,,,,,,,,,,,,,,,,,,
6, 0, ,,,,,,,,,,,,,,,,,,,,,,,,,,,,,,,,,,,,,,,,,,,,,,,,,,,,,,,,,,,,,,,, 0:DIPLO_STATE_FREE_CITIES_NEUTRAL, 0:
6, 0, Threat and Trust,,,,,,,,,,,,,,,,,,,,,,,,,,,,,,,,,,,,,,,,,,,,,,,,,,,,,,,,,,,,,,,, 0.00:1:0.00, 0.00:1:0.00
6, 1, ,,,,,,,,,,,,,,,,,,,,,,,,,,,,,,,,,,,,,,,,,,,,,,,,,,,,,,,,,,,,,,,, 0:DIPLO_STATE_FREE_CITIES_NEUTRAL, 0:
6, 1, Threat and Trust,,,,,,,,,,,,,,,,,,,,,,,,,,,,,,,,,,,,,,,,,,,,,,,,,,,,,,,,,,,,,,,, 0.00:1:0.00, 0.00:1:0.00
6, 2, ,,,,,,,,,,,,,,,,,,,,,,,,,,,,,,,,,,,,,,,,,,,,,,,,,,,,,,,,,,,,,,,, 0:DIPLO_STATE_FREE_CITIES_NEUTRAL, 0:
6, 2, Threat and Trust,,,,,,,,,,,,,,,,,,,,,,,,,,,,,,,,,,,,,,,,,,,,,,,,,,,,,,,,,,,,,,,, 0.00:1:0.00, 0.00:1:0.00
6, 3, ,,,,,,,,,,,,,,,,,,,,,,,,,,,,,,,,,,,,,,,,,,,,,,,,,,,,,,,,,,,,,,,, 0:DIPLO_STATE_FREE_CITIES_NEUTRAL, 0:
6, 3, Threat and Trust,,,,,,,,,,,,,,,,,,,,,,,,,,,,,,,,,,,,,,,,,,,,,,,,,,,,,,,,,,,,,,,, 0.00:2:0.00, 0.00:2:0.00
6, 4, ,,,,,,,,,,,,,,,,,,,,,,,,,,,,,,,,,,,,,,,,,,,,,,,,,,,,,,,,,,,,,,,, 0:DIPLO_STATE_FREE_CITIES_NEUTRAL, 0:
6, 4, Threat and Trust,,,,,,,,,,,,,,,,,,,,,,,,,,,,,,,,,,,,,,,,,,,,,,,,,,,,,,,,,,,,,,,, 0.00:1:0.00, 0.00:1:0.00
6, 5, ,,,,,,,,,,,,,,,,,,,,,,,,,,,,,,,,,,,,,,,,,,,,,,,,,,,,,,,,,,,,,,,, 0:DIPLO_STATE_FREE_CITIES_NEUTRAL, 0:
6, 5, Threat and Trust,,,,,,,,,,,,,,,,,,,,,,,,,,,,,,,,,,,,,,,,,,,,,,,,,,,,,,,,,,,,,,,, 0.00:1:0.00, 0.00:1:0.00
6, 6, ,,,,,,,,,,,,,,,,,,,,,,,,,,,,,,,,,,,,,,,,,,,,,,,,,,,,,,,,,,,,,,,,, 0:
6, 6, Threat and Trust,,,,,,,,,,,,,,,,,,,,,,,,,,,,,,,,,,,,,,,,,,,,,,,,,,,,,,,,,,,,,,,,, 0.00:1:0.00
6, 7, ,,,,,,,,,,,,,,,,,,,,,,,,,,,,,,,,,,,,,,,,,,,,,,,,,,,,,,,,,,,,,,,,, 0:
6, 7, Threat and Trust,,,,,,,,,,,,,,,,,,,,,,,,,,,,,,,,,,,,,,,,,,,,,,,,,,,,,,,,,,,,,,,,, 0.00:1:0.00
6, 8, ,,,,,,,,,,,,,,,,,,,,,,,,,,,,,,,,,,,,,,,,,,,,,,,,,,,,,,,,,,,,,,,,, 0:
6, 8, Threat and Trust,,,,,,,,,,,,,,,,,,,,,,,,,,,,,,,,,,,,,,,,,,,,,,,,,,,,,,,,,,,,,,,,, 0.00:1:0.00
6, 9, ,,,,,,,,,,,,,,,,,,,,,,,,,,,,,,,,,,,,,,,,,,,,,,,,,,,,,,,,,,,,,,,,, 0:
6, 9, Threat and Trust,,,,,,,,,,,,,,,,,,,,,,,,,,,,,,,,,,,,,,,,,,,,,,,,,,,,,,,,,,,,,,,,, 0.00:1:0.00
6, 10, ,,,,,,,,,,,,,,,,,,,,,,,,,,,,,,,,,,,,,,,,,,,,,,,,,,,,,,,,,,,,,,,,, 0:
6, 10, Threat and Trust,,,,,,,,,,,,,,,,,,,,,,,,,,,,,,,,,,,,,,,,,,,,,,,,,,,,,,,,,,,,,,,,, 0.00:1:0.00
6, 11, ,,,,,,,,,,,,,,,,,,,,,,,,,,,,,,,,,,,,,,,,,,,,,,,,,,,,,,,,,,,,,,,,, 0:
6, 11, Threat and Trust,,,,,,,,,,,,,,,,,,,,,,,,,,,,,,,,,,,,,,,,,,,,,,,,,,,,,,,,,,,,,,,,, 0.00:1:0.00
6, 12, ,,,,,,,,,,,,,,,,,,,,,,,,,,,,,,,,,,,,,,,,,,,,,,,,,,,,,,,,,,,,,,,,, 0:
6, 12, Threat and Trust,,,,,,,,,,,,,,,,,,,,,,,,,,,,,,,,,,,,,,,,,,,,,,,,,,,,,,,,,,,,,,,,, 0.00:1:0.00
6, 13, ,,,,,,,,,,,,,,,,,,,,,,,,,,,,,,,,,,,,,,,,,,,,,,,,,,,,,,,,,,,,,,,,, 0:
6, 13, Threat and Trust,,,,,,,,,,,,,,,,,,,,,,,,,,,,,,,,,,,,,,,,,,,,,,,,,,,,,,,,,,,,,,,,, 0.00:1:0.00
6, 14, ,,,,,,,,,,,,,,,,,,,,,,,,,,,,,,,,,,,,,,,,,,,,,,,,,,,,,,,,,,,,,,,,, 0:
6, 14, Threat and Trust,,,,,,,,,,,,,,,,,,,,,,,,,,,,,,,,,,,,,,,,,,,,,,,,,,,,,,,,,,,,,,,,, 0.00:1:0.00
6, 62, ,, 0:DIPLO_STATE_FREE_CITIES_NEUTRAL, 0:DIPLO_STATE_FREE_CITIES_NEUTRAL, 0:DIPLO_STATE_FREE_CITIES_NEUTRAL, 0:DIPLO_STATE_FREE_CITIES_NEUTRAL, 0:DIPLO_STATE_FREE_CITIES_NEUTRAL, 0:DIPLO_STATE_FREE_CITIES_NEUTRAL,,,,,,,,,,,,,,,,,,,,,,,,,,,,,,,,,,,,,,,,,,,,,,,,,,,,,,,,,,
6, 62, Threat and Trust,, 0.00:2:0.00, 0.00:2:0.00, 0.00:2:0.00, 60.16:1:0.00, 0.00:2:0.00, 0.00:2:0.00,,,,,,,,,,,,,,,,,,,,,,,,,,,,,,,,,,,,,,,,,,,,,,,,,,,,,,,,,,
6, 63, ,, 0:, 0:, 0:, 0:, 0:, 0:, 0:, 0:, 0:, 0:, 0:, 0:, 0:, 0:, 0:,,,,,,,,,,,,,,,,,,,,,,,,,,,,,,,,,,,,,,,,,,,,,,,,,
6, 63, Threat and Trust,, 0.00:1:0.00, 0.00:1:0.00, 0.00:1:0.00, 0.00:1:0.00, 0.00:1:0.00, 0.00:1:0.00, 0.00:1:0.00, 0.00:1:0.00, 0.00:1:0.00, 0.00:1:0.00, 0.00:1:0.00, 0.00:1:0.00, 0.00:1:0.00, 0.00:1:0.00, 0.00:1:0.00,,,,,,,,,,,,,,,,,,,,,,,,,,,,,,,,,,,,,,,,,,,,,,,,,
7, 0, ,,,,,,,,,,,,,,,,,,,,,,,,,,,,,,,,,,,,,,,,,,,,,,,,,,,,,,,,,,,,,,,, 0:DIPLO_STATE_FREE_CITIES_NEUTRAL, 0:
7, 0, Threat and Trust,,,,,,,,,,,,,,,,,,,,,,,,,,,,,,,,,,,,,,,,,,,,,,,,,,,,,,,,,,,,,,,, 0.00:1:0.00, 0.00:1:0.00
7, 1, ,,,,,,,,,,,,,,,,,,,,,,,,,,,,,,,,,,,,,,,,,,,,,,,,,,,,,,,,,,,,,,,, 0:DIPLO_STATE_FREE_CITIES_NEUTRAL, 0:
7, 1, Threat and Trust,,,,,,,,,,,,,,,,,,,,,,,,,,,,,,,,,,,,,,,,,,,,,,,,,,,,,,,,,,,,,,,, 0.00:2:0.00, 0.00:2:0.00
7, 2, ,,,,,,,,,,,,,,,,,,,,,,,,,,,,,,,,,,,,,,,,,,,,,,,,,,,,,,,,,,,,,,,, 0:DIPLO_STATE_FREE_CITIES_NEUTRAL, 0:
7, 2, Threat and Trust,,,,,,,,,,,,,,,,,,,,,,,,,,,,,,,,,,,,,,,,,,,,,,,,,,,,,,,,,,,,,,,, 0.00:1:0.00, 0.00:1:0.00
7, 3, ,,,,,,,,,,,,,,,,,,,,,,,,,,,,,,,,,,,,,,,,,,,,,,,,,,,,,,,,,,,,,,,, 0:DIPLO_STATE_FREE_CITIES_NEUTRAL, 0:
7, 3, Threat and Trust,,,,,,,,,,,,,,,,,,,,,,,,,,,,,,,,,,,,,,,,,,,,,,,,,,,,,,,,,,,,,,,, 0.00:1:0.00, 0.00:1:0.00
7, 4, ,,,,,,,,,,,,,,,,,,,,,,,,,,,,,,,,,,,,,,,,,,,,,,,,,,,,,,,,,,,,,,,, 0:DIPLO_STATE_FREE_CITIES_NEUTRAL, 0:
7, 4, Threat and Trust,,,,,,,,,,,,,,,,,,,,,,,,,,,,,,,,,,,,,,,,,,,,,,,,,,,,,,,,,,,,,,,, 0.00:1:0.00, 0.00:1:0.00
7, 5, ,,,,,,,,,,,,,,,,,,,,,,,,,,,,,,,,,,,,,,,,,,,,,,,,,,,,,,,,,,,,,,,, 0:DIPLO_STATE_FREE_CITIES_NEUTRAL, 0:
7, 5, Threat and Trust,,,,,,,,,,,,,,,,,,,,,,,,,,,,,,,,,,,,,,,,,,,,,,,,,,,,,,,,,,,,,,,, 0.00:1:0.00, 0.00:1:0.00
7, 6, ,,,,,,,,,,,,,,,,,,,,,,,,,,,,,,,,,,,,,,,,,,,,,,,,,,,,,,,,,,,,,,,,, 0:
7, 6, Threat and Trust,,,,,,,,,,,,,,,,,,,,,,,,,,,,,,,,,,,,,,,,,,,,,,,,,,,,,,,,,,,,,,,,, 0.00:1:0.00
7, 7, ,,,,,,,,,,,,,,,,,,,,,,,,,,,,,,,,,,,,,,,,,,,,,,,,,,,,,,,,,,,,,,,,, 0:
7, 7, Threat and Trust,,,,,,,,,,,,,,,,,,,,,,,,,,,,,,,,,,,,,,,,,,,,,,,,,,,,,,,,,,,,,,,,, 0.00:1:0.00
7, 8, ,,,, 1:DIPLO_STATE_PATRON,,,,,,,,,,,,,,,,,,,,,,,,,,,,,,,,,,,,,,,,,,,,,,,,,,,,,,,,,,,,, 0:
7, 8, Threat and Trust,,,, 0.00:1:0.00,,,,,,,,,,,,,,,,,,,,,,,,,,,,,,,,,,,,,,,,,,,,,,,,,,,,,,,,,,,,, 0.00:1:0.00
7, 9, ,,,,,,,,,,,,,,,,,,,,,,,,,,,,,,,,,,,,,,,,,,,,,,,,,,,,,,,,,,,,,,,,, 0:
7, 9, Threat and Trust,,,,,,,,,,,,,,,,,,,,,,,,,,,,,,,,,,,,,,,,,,,,,,,,,,,,,,,,,,,,,,,,, 0.00:1:0.00
7, 10, ,,,,,,,,,,,,,,,,,,,,,,,,,,,,,,,,,,,,,,,,,,,,,,,,,,,,,,,,,,,,,,,,, 0:
7, 10, Threat and Trust,,,,,,,,,,,,,,,,,,,,,,,,,,,,,,,,,,,,,,,,,,,,,,,,,,,,,,,,,,,,,,,,, 0.00:1:0.00
7, 11, ,,,,,,,,,,,,,,,,,,,,,,,,,,,,,,,,,,,,,,,,,,,,,,,,,,,,,,,,,,,,,,,,, 0:
7, 11, Threat and Trust,,,,,,,,,,,,,,,,,,,,,,,,,,,,,,,,,,,,,,,,,,,,,,,,,,,,,,,,,,,,,,,,, 0.00:1:0.00
7, 12, ,,,,,,,,,,,,,,,,,,,,,,,,,,,,,,,,,,,,,,,,,,,,,,,,,,,,,,,,,,,,,,,,, 0:
7, 12, Threat and Trust,,,,,,,,,,,,,,,,,,,,,,,,,,,,,,,,,,,,,,,,,,,,,,,,,,,,,,,,,,,,,,,,, 0.00:1:0.00
7, 13, ,,,,,,,,,,,,,,,,,,,,,,,,,,,,,,,,,,,,,,,,,,,,,,,,,,,,,,,,,,,,,,,,, 0:
7, 13, Threat and Trust,,,,,,,,,,,,,,,,,,,,,,,,,,,,,,,,,,,,,,,,,,,,,,,,,,,,,,,,,,,,,,,,, 0.00:1:0.00
7, 14, ,,,,,,,,,,,,,,,,,,,,,,,,,,,,,,,,,,,,,,,,,,,,,,,,,,,,,,,,,,,,,,,,, 0:
7, 14, Threat and Trust,,,,,,,,,,,,,,,,,,,,,,,,,,,,,,,,,,,,,,,,,,,,,,,,,,,,,,,,,,,,,,,,, 0.00:1:0.00
7, 62, ,, 0:DIPLO_STATE_FREE_CITIES_NEUTRAL, 0:DIPLO_STATE_FREE_CITIES_NEUTRAL, 0:DIPLO_STATE_FREE_CITIES_NEUTRAL, 0:DIPLO_STATE_FREE_CITIES_NEUTRAL, 0:DIPLO_STATE_FREE_CITIES_NEUTRAL, 0:DIPLO_STATE_FREE_CITIES_NEUTRAL,,,,,,,,,,,,,,,,,,,,,,,,,,,,,,,,,,,,,,,,,,,,,,,,,,,,,,,,,,
7, 62, Threat and Trust,, 0.00:2:0.00, 60.16:1:0.00, 0.00:2:0.00, 0.00:2:0.00, 0.00:2:0.00, 0.00:2:0.00,,,,,,,,,,,,,,,,,,,,,,,,,,,,,,,,,,,,,,,,,,,,,,,,,,,,,,,,,,
7, 63, ,, 0:, 0:, 0:, 0:, 0:, 0:, 0:, 0:, 0:, 0:, 0:, 0:, 0:, 0:, 0:,,,,,,,,,,,,,,,,,,,,,,,,,,,,,,,,,,,,,,,,,,,,,,,,,
7, 63, Threat and Trust,, 0.00:1:0.00, 0.00:1:0.00, 0.00:1:0.00, 0.00:1:0.00, 0.00:1:0.00, 0.00:1:0.00, 0.00:1:0.00, 0.00:1:0.00, 0.00:1:0.00, 0.00:1:0.00, 0.00:1:0.00, 0.00:1:0.00, 0.00:1:0.00, 0.00:1:0.00, 0.00:1:0.00,,,,,,,,,,,,,,,,,,,,,,,,,,,,,,,,,,,,,,,,,,,,,,,,,
8, 0, ,,,,,,,,, 1:DIPLO_STATE_INFLUENTIAL,,,,,,,,,,,,,,,,,,,,,,,,,,,,,,,,,,,,,,,,,,,,,,,,,,,,,,, 0:DIPLO_STATE_FREE_CITIES_NEUTRAL, 0:
8, 0, Threat and Trust,,,,,,,,, 0.00:1:0.00,,,,,,,,,,,,,,,,,,,,,,,,,,,,,,,,,,,,,,,,,,,,,,,,,,,,,,, 0.00:1:0.00, 0.00:1:0.00
8, 1, ,,,,,,,,,,,,,,,,,,,,,,,,,,,,,,,,,,,,,,,,,,,,,,,,,,,,,,,,,,,,,,,, 0:DIPLO_STATE_FREE_CITIES_NEUTRAL, 0:
8, 1, Threat and Trust,,,,,,,,,,,,,,,,,,,,,,,,,,,,,,,,,,,,,,,,,,,,,,,,,,,,,,,,,,,,,,,, 0.00:2:0.00, 0.00:2:0.00
8, 2, ,,,,,,,,,, 1:DIPLO_STATE_INFLUENTIAL,,,,,,,,,,,,,,,,,,,,,,,,,,,,,,,,,,,,,,,,,,,,,,,,,,,,,, 0:DIPLO_STATE_FREE_CITIES_NEUTRAL, 0:
8, 2, Threat and Trust,,,,,,,,,, 0.00:1:0.00,,,,,,,,,,,,,,,,,,,,,,,,,,,,,,,,,,,,,,,,,,,,,,,,,,,,,, 0.00:1:0.00, 0.00:1:0.00
8, 3, ,,,,,,,,,,,,,, 1:DIPLO_STATE_INFLUENTIAL,,,,,,,,,,,,,,,,,,,,,,,,,,,,,,,,,,,,,,,,,,,,,,,,,, 0:DIPLO_STATE_FREE_CITIES_NEUTRAL, 0:
8, 3, Threat and Trust,,,,,,,,,,,,,, 0.00:1:0.00,,,,,,,,,,,,,,,,,,,,,,,,,,,,,,,,,,,,,,,,,,,,,,,,,, 0.00:1:0.00, 0.00:1:0.00
8, 4, ,,,,,,,,,,,,,,,,,,,,,,,,,,,,,,,,,,,,,,,,,,,,,,,,,,,,,,,,,,,,,,,, 0:DIPLO_STATE_FREE_CITIES_NEUTRAL, 0:
8, 4, Threat and Trust,,,,,,,,,,,,,,,,,,,,,,,,,,,,,,,,,,,,,,,,,,,,,,,,,,,,,,,,,,,,,,,, 0.00:1:0.00, 0.00:1:0.00
8, 5, ,,,,,,,,,,,,,,,,,,,,,,,,,,,,,,,,,,,,,,,,,,,,,,,,,,,,,,,,,,,,,,,, 0:DIPLO_STATE_FREE_CITIES_NEUTRAL, 0:
8, 5, Threat and Trust,,,,,,,,,,,,,,,,,,,,,,,,,,,,,,,,,,,,,,,,,,,,,,,,,,,,,,,,,,,,,,,, 0.00:1:0.00, 0.00:1:0.00
8, 6, ,,,,,,,,,,,,,,,,,,,,,,,,,,,,,,,,,,,,,,,,,,,,,,,,,,,,,,,,,,,,,,,,, 0:
8, 6, Threat and Trust,,,,,,,,,,,,,,,,,,,,,,,,,,,,,,,,,,,,,,,,,,,,,,,,,,,,,,,,,,,,,,,,, 0.00:1:0.00
8, 7, ,, 1:DIPLO_STATE_PATRON,,,,,,,,,,,,,,,,,,,,,,,,,,,,,,,,,,,,,,,,,,,,,,,,,,,,,,,,,,,,,,, 0:
8, 7, Threat and Trust,, 0.00:1:0.00,,,,,,,,,,,,,,,,,,,,,,,,,,,,,,,,,,,,,,,,,,,,,,,,,,,,,,,,,,,,,,, 0.00:1:0.00
8, 8, ,,,, 1:DIPLO_STATE_PATRON,,,,,,,,,,,,,,,,,,,,,,,,,,,,,,,,,,,,,,,,,,,,,,,,,,,,,,,,,,,,, 0:
8, 8, Threat and Trust,,,, 0.00:1:0.00,,,,,,,,,,,,,,,,,,,,,,,,,,,,,,,,,,,,,,,,,,,,,,,,,,,,,,,,,,,,, 0.00:1:0.00
8, 9, ,,,,,, 1:DIPLO_STATE_PATRON,,,,,,,,,,,,,,,,,,,,,,,,,,,,,,,,,,,,,,,,,,,,,,,,,,,,,,,,,,, 0:
8, 9, Threat and Trust,,,,,, 0.00:1:0.00,,,,,,,,,,,,,,,,,,,,,,,,,,,,,,,,,,,,,,,,,,,,,,,,,,,,,,,,,,, 0.00:1:0.00
8, 10, ,,,,,,,,,,,,,,,,,,,,,,,,,,,,,,,,,,,,,,,,,,,,,,,,,,,,,,,,,,,,,,,,, 0:
8, 10, Threat and Trust,,,,,,,,,,,,,,,,,,,,,,,,,,,,,,,,,,,,,,,,,,,,,,,,,,,,,,,,,,,,,,,,, 0.00:1:0.00
8, 11, ,,,,,,,,,,,,,,,,,,,,,,,,,,,,,,,,,,,,,,,,,,,,,,,,,,,,,,,,,,,,,,,,, 0:
8, 11, Threat and Trust,,,,,,,,,,,,,,,,,,,,,,,,,,,,,,,,,,,,,,,,,,,,,,,,,,,,,,,,,,,,,,,,, 0.00:1:0.00
8, 12, ,,,,, 1:DIPLO_STATE_PATRON,,,,,,,,,,,,,,,,,,,,,,,,,,,,,,,,,,,,,,,,,,,,,,,,,,,,,,,,,,,, 0:
8, 12, Threat and Trust,,,,, 0.00:1:0.00,,,,,,,,,,,,,,,,,,,,,,,,,,,,,,,,,,,,,,,,,,,,,,,,,,,,,,,,,,,, 0.00:1:0.00
8, 13, ,,, 1:DIPLO_STATE_PATRON,,,,,,,,,,,,,,,,,,,,,,,,,,,,,,,,,,,,,,,,,,,,,,,,,,,,,,,,,,,,,, 0:
8, 13, Threat and Trust,,, 0.00:1:0.00,,,,,,,,,,,,,,,,,,,,,,,,,,,,,,,,,,,,,,,,,,,,,,,,,,,,,,,,,,,,,, 0.00:1:0.00
8, 14, ,,,,,,,,,,,,,,,,,,,,,,,,,,,,,,,,,,,,,,,,,,,,,,,,,,,,,,,,,,,,,,,,, 0:
8, 14, Threat and Trust,,,,,,,,,,,,,,,,,,,,,,,,,,,,,,,,,,,,,,,,,,,,,,,,,,,,,,,,,,,,,,,,, 0.00:1:0.00
8, 62, ,, 0:DIPLO_STATE_FREE_CITIES_NEUTRAL, 0:DIPLO_STATE_FREE_CITIES_NEUTRAL, 0:DIPLO_STATE_FREE_CITIES_NEUTRAL, 0:DIPLO_STATE_FREE_CITIES_NEUTRAL, 0:DIPLO_STATE_FREE_CITIES_NEUTRAL, 0:DIPLO_STATE_FREE_CITIES_NEUTRAL,,,,,,,,,,,,,,,,,,,,,,,,,,,,,,,,,,,,,,,,,,,,,,,,,,,,,,,,,,
8, 62, Threat and Trust,, 0.00:3:0.00, 60.16:1:0.00, 0.00:3:0.00, 5.90:2:0.00, 0.00:3:0.00, 0.00:3:0.00,,,,,,,,,,,,,,,,,,,,,,,,,,,,,,,,,,,,,,,,,,,,,,,,,,,,,,,,,,
8, 63, ,, 0:, 0:, 0:, 0:, 0:, 0:, 0:, 0:, 0:, 0:, 0:, 0:, 0:, 0:, 0:,,,,,,,,,,,,,,,,,,,,,,,,,,,,,,,,,,,,,,,,,,,,,,,,,
8, 63, Threat and Trust,, 0.00:1:0.00, 0.00:1:0.00, 0.00:1:0.00, 0.00:1:0.00, 0.00:1:0.00, 0.00:1:0.00, 0.00:1:0.00, 0.00:1:0.00, 0.00:1:0.00, 0.00:1:0.00, 0.00:1:0.00, 0.00:1:0.00, 0.00:1:0.00, 0.00:1:0.00, 0.00:1:0.00,,,,,,,,,,,,,,,,,,,,,,,,,,,,,,,,,,,,,,,,,,,,,,,,,
9, 0, ,,,,,,,,, 1:DIPLO_STATE_INFLUENTIAL,,,,,,,,,,,,,,,,,,,,,,,,,,,,,,,,,,,,,,,,,,,,,,,,,,,,,,, 0:DIPLO_STATE_FREE_CITIES_NEUTRAL, 0:
9, 0, Threat and Trust,,,,,,,,, 0.00:1:0.00,,,,,,,,,,,,,,,,,,,,,,,,,,,,,,,,,,,,,,,,,,,,,,,,,,,,,,, 0.00:1:0.00, 0.00:1:0.00
9, 1, ,,,,,,,,,,,,,,, 1:DIPLO_STATE_INFLUENTIAL,,,,,,,,,,,,,,,,,,,,,,,,,,,,,,,,,,,,,,,,,,,,,,,,, 0:DIPLO_STATE_FREE_CITIES_NEUTRAL, 0:
9, 1, Threat and Trust,,,,,,,,,,,,,,, 0.00:2:0.00,,,,,,,,,,,,,,,,,,,,,,,,,,,,,,,,,,,,,,,,,,,,,,,,, 0.00:2:0.00, 0.00:2:0.00
9, 2, ,,,,,,,,,, 1:DIPLO_STATE_INFLUENTIAL,,,,, 0:DIPLO_STATE_NO_INFLUENCE,,,,,,,,,,,,,,,,,,,,,,,,,,,,,,,,,,,,,,,,,,,,,,,,, 0:DIPLO_STATE_FREE_CITIES_NEUTRAL, 0:
9, 2, Threat and Trust,,,,,,,,,, 0.00:1:0.00,,,,, 0.00:1:0.00,,,,,,,,,,,,,,,,,,,,,,,,,,,,,,,,,,,,,,,,,,,,,,,,, 0.00:1:0.00, 0.00:1:0.00
9, 3, ,,,,,,,,,,,,,, 1:DIPLO_STATE_INFLUENTIAL,,,,,,,,,,,,,,,,,,,,,,,,,,,,,,,,,,,,,,,,,,,,,,,,,, 0:DIPLO_STATE_FREE_CITIES_NEUTRAL, 0:
9, 3, Threat and Trust,,,,,,,,,,,,,, 0.00:1:0.00,,,,,,,,,,,,,,,,,,,,,,,,,,,,,,,,,,,,,,,,,,,,,,,,,, 0.00:1:0.00, 0.00:1:0.00
9, 4, ,,,,,,,,,,, 1:DIPLO_STATE_INFLUENTIAL,,,,, 1:DIPLO_STATE_INFLUENTIAL,,,,,,,,,,,,,,,,,,,,,,,,,,,,,,,,,,,,,,,,,,,,,,,, 0:DIPLO_STATE_FREE_CITIES_NEUTRAL, 0:
9, 4, Threat and Trust,,,,,,,,,,, 0.00:1:0.00,,,,, 0.00:1:0.00,,,,,,,,,,,,,,,,,,,,,,,,,,,,,,,,,,,,,,,,,,,,,,,, 0.00:1:0.00, 0.00:1:0.00
9, 5, ,,,,,,,,,,,,,,,,,,,,,,,,,,,,,,,,,,,,,,,,,,,,,,,,,,,,,,,,,,,,,,,, 0:DIPLO_STATE_FREE_CITIES_NEUTRAL, 0:
9, 5, Threat and Trust,,,,,,,,,,,,,,,,,,,,,,,,,,,,,,,,,,,,,,,,,,,,,,,,,,,,,,,,,,,,,,,, 0.00:1:0.00, 0.00:1:0.00
9, 6, ,,,,,,,,,,,,,,,,,,,,,,,,,,,,,,,,,,,,,,,,,,,,,,,,,,,,,,,,,,,,,,,,, 0:
9, 6, Threat and Trust,,,,,,,,,,,,,,,,,,,,,,,,,,,,,,,,,,,,,,,,,,,,,,,,,,,,,,,,,,,,,,,,, 0.00:1:0.00
9, 7, ,, 1:DIPLO_STATE_PATRON,,,,,,,,,,,,,,,,,,,,,,,,,,,,,,,,,,,,,,,,,,,,,,,,,,,,,,,,,,,,,,, 0:
9, 7, Threat and Trust,, 0.00:1:0.00,,,,,,,,,,,,,,,,,,,,,,,,,,,,,,,,,,,,,,,,,,,,,,,,,,,,,,,,,,,,,,, 0.00:1:0.00
9, 8, ,,,, 1:DIPLO_STATE_PATRON,,,,,,,,,,,,,,,,,,,,,,,,,,,,,,,,,,,,,,,,,,,,,,,,,,,,,,,,,,,,, 0:
9, 8, Threat and Trust,,,, 0.00:1:0.00,,,,,,,,,,,,,,,,,,,,,,,,,,,,,,,,,,,,,,,,,,,,,,,,,,,,,,,,,,,,, 0.00:1:0.00
9, 9, ,,,,,, 1:DIPLO_STATE_PATRON,,,,,,,,,,,,,,,,,,,,,,,,,,,,,,,,,,,,,,,,,,,,,,,,,,,,,,,,,,, 0:
9, 9, Threat and Trust,,,,,, 0.00:1:0.00,,,,,,,,,,,,,,,,,,,,,,,,,,,,,,,,,,,,,,,,,,,,,,,,,,,,,,,,,,, 0.00:1:0.00
9, 10, ,,,,,,,,,,,,,,,,,,,,,,,,,,,,,,,,,,,,,,,,,,,,,,,,,,,,,,,,,,,,,,,,, 0:
9, 10, Threat and Trust,,,,,,,,,,,,,,,,,,,,,,,,,,,,,,,,,,,,,,,,,,,,,,,,,,,,,,,,,,,,,,,,, 0.00:1:0.00
9, 11, ,,,,,,,,,,,,,,,,,,,,,,,,,,,,,,,,,,,,,,,,,,,,,,,,,,,,,,,,,,,,,,,,, 0:
9, 11, Threat and Trust,,,,,,,,,,,,,,,,,,,,,,,,,,,,,,,,,,,,,,,,,,,,,,,,,,,,,,,,,,,,,,,,, 0.00:1:0.00
9, 12, ,,,,, 2:DIPLO_STATE_PATRON,,,,,,,,,,,,,,,,,,,,,,,,,,,,,,,,,,,,,,,,,,,,,,,,,,,,,,,,,,,, 0:
9, 12, Threat and Trust,,,,, 0.00:1:0.00,,,,,,,,,,,,,,,,,,,,,,,,,,,,,,,,,,,,,,,,,,,,,,,,,,,,,,,,,,,, 0.00:1:0.00
9, 13, ,,, 1:DIPLO_STATE_PATRON, 0:DIPLO_STATE_AWARE,,,,,,,,,,,,,,,,,,,,,,,,,,,,,,,,,,,,,,,,,,,,,,,,,,,,,,,,,,,,, 0:
9, 13, Threat and Trust,,, 60.16:1:0.00, 0.00:2:0.00,,,,,,,,,,,,,,,,,,,,,,,,,,,,,,,,,,,,,,,,,,,,,,,,,,,,,,,,,,,,, 0.00:2:0.00
9, 14, ,,,,,, 1:DIPLO_STATE_PATRON,,,,,,,,,,,,,,,,,,,,,,,,,,,,,,,,,,,,,,,,,,,,,,,,,,,,,,,,,,, 0:
9, 14, Threat and Trust,,,,,, 0.00:1:0.00,,,,,,,,,,,,,,,,,,,,,,,,,,,,,,,,,,,,,,,,,,,,,,,,,,,,,,,,,,, 0.00:1:0.00
9, 62, ,, 0:DIPLO_STATE_FREE_CITIES_NEUTRAL, 0:DIPLO_STATE_FREE_CITIES_NEUTRAL, 0:DIPLO_STATE_FREE_CITIES_NEUTRAL, 0:DIPLO_STATE_FREE_CITIES_NEUTRAL, 0:DIPLO_STATE_FREE_CITIES_NEUTRAL, 0:DIPLO_STATE_FREE_CITIES_NEUTRAL,,,,,,,,,,,,,,,,,,,,,,,,,,,,,,,,,,,,,,,,,,,,,,,,,,,,,,,,,,
9, 62, Threat and Trust,, 0.00:3:0.00, 60.16:1:0.00, 0.00:3:0.00, 6.00:2:0.00, 0.00:3:0.00, 0.00:3:0.00,,,,,,,,,,,,,,,,,,,,,,,,,,,,,,,,,,,,,,,,,,,,,,,,,,,,,,,,,,
9, 63, ,, 0:, 0:, 0:, 0:, 0:, 0:, 0:, 0:, 0:, 0:, 0:, 0:, 0:, 0:, 0:,,,,,,,,,,,,,,,,,,,,,,,,,,,,,,,,,,,,,,,,,,,,,,,,,
9, 63, Threat and Trust,, 0.00:1:0.00, 0.00:1:0.00, 0.00:1:0.00, 0.00:1:0.00, 0.00:1:0.00, 0.00:1:0.00, 0.00:1:0.00, 0.00:1:0.00, 0.00:1:0.00, 0.00:1:0.00, 0.00:1:0.00, 0.00:1:0.00, 0.00:1:0.00, 0.00:1:0.00, 0.00:1:0.00,,,,,,,,,,,,,,,,,,,,,,,,,,,,,,,,,,,,,,,,,,,,,,,,,
10, 0, ,,,,,,,,, 1:DIPLO_STATE_INFLUENTIAL,,,,,,,,,,,,,,,,,,,,,,,,,,,,,,,,,,,,,,,,,,,,,,,,,,,,,,, 0:DIPLO_STATE_FREE_CITIES_NEUTRAL, 0:
10, 0, Threat and Trust,,,,,,,,, 0.00:1:0.00,,,,,,,,,,,,,,,,,,,,,,,,,,,,,,,,,,,,,,,,,,,,,,,,,,,,,,, 0.00:1:0.00, 0.00:1:0.00
10, 1, ,,,,,,,,,,,,,,, 1:DIPLO_STATE_INFLUENTIAL,,,,,,,,,,,,,,,,,,,,,,,,,,,,,,,,,,,,,,,,,,,,,,,,, 0:DIPLO_STATE_FREE_CITIES_NEUTRAL, 0:
10, 1, Threat and Trust,,,,,,,,,,,,,,, 0.00:2:0.00,,,,,,,,,,,,,,,,,,,,,,,,,,,,,,,,,,,,,,,,,,,,,,,,, 0.00:2:0.00, 0.00:2:0.00
10, 2, ,,,,,,,,,, 1:DIPLO_STATE_INFLUENTIAL,,,,, 0:DIPLO_STATE_NO_INFLUENCE,,,,,,,,,,,,,,,,,,,,,,,,,,,,,,,,,,,,,,,,,,,,,,,,, 0:DIPLO_STATE_FREE_CITIES_NEUTRAL, 0:
10, 2, Threat and Trust,,,,,,,,,, 0.00:1:0.00,,,,, 0.00:1:0.00,,,,,,,,,,,,,,,,,,,,,,,,,,,,,,,,,,,,,,,,,,,,,,,,, 0.00:1:0.00, 0.00:1:0.00
10, 3, ,,,,,,,,,,,,,, 2:DIPLO_STATE_INFLUENTIAL,,,,,,,,,,,,,,,,,,,,,,,,,,,,,,,,,,,,,,,,,,,,,,,,,, 0:DIPLO_STATE_FREE_CITIES_NEUTRAL, 0:
10, 3, Threat and Trust,,,,,,,,,,,,,, 0.00:1:0.00,,,,,,,,,,,,,,,,,,,,,,,,,,,,,,,,,,,,,,,,,,,,,,,,,, 0.00:1:0.00, 0.00:1:0.00
10, 4, ,,,,,,,,,,, 1:DIPLO_STATE_INFLUENTIAL,,,,, 1:DIPLO_STATE_INFLUENTIAL,,,,,,,,,,,,,,,,,,,,,,,,,,,,,,,,,,,,,,,,,,,,,,,, 0:DIPLO_STATE_FREE_CITIES_NEUTRAL, 0:
10, 4, Threat and Trust,,,,,,,,,,, 0.00:1:0.00,,,,, 0.00:1:0.00,,,,,,,,,,,,,,,,,,,,,,,,,,,,,,,,,,,,,,,,,,,,,,,, 0.00:1:0.00, 0.00:1:0.00
10, 5, ,, -5:DIPLO_STATE_UNFRIENDLY,,,,,,,,,,,,,,,,,,,,,,,,,,,,,,,,,,,,,,,,,,,,,,,,,,,,,,,,,,,,,, 0:DIPLO_STATE_FREE_CITIES_NEUTRAL, 0:
10, 5, Threat and Trust,, 0.00:1:0.00,,,,,,,,,,,,,,,,,,,,,,,,,,,,,,,,,,,,,,,,,,,,,,,,,,,,,,,,,,,,,, 0.00:1:0.00, 0.00:1:0.00
10, 6, ,,,,,,,,,,,,,,,,,,,,,,,,,,,,,,,,,,,,,,,,,,,,,,,,,,,,,,,,,,,,,,,,, 0:
10, 6, Threat and Trust,,,,,,,,,,,,,,,,,,,,,,,,,,,,,,,,,,,,,,,,,,,,,,,,,,,,,,,,,,,,,,,,, 0.00:1:0.00
10, 7, ,, 1:DIPLO_STATE_PATRON,,,,,,,,,,,,,,,,,,,,,,,,,,,,,,,,,,,,,,,,,,,,,,,,,,,,,,,,,,,,,,, 0:
10, 7, Threat and Trust,, 0.00:1:0.00,,,,,,,,,,,,,,,,,,,,,,,,,,,,,,,,,,,,,,,,,,,,,,,,,,,,,,,,,,,,,,, 0.00:1:0.00
10, 8, ,,,, 1:DIPLO_STATE_PATRON,,,,,,,,,,,,,,,,,,,,,,,,,,,,,,,,,,,,,,,,,,,,,,,,,,,,,,,,,,,,, 0:
10, 8, Threat and Trust,,,, 0.00:1:0.00,,,,,,,,,,,,,,,,,,,,,,,,,,,,,,,,,,,,,,,,,,,,,,,,,,,,,,,,,,,,, 0.00:1:0.00
10, 9, ,,,,,, 1:DIPLO_STATE_PATRON,,,,,,,,,,,,,,,,,,,,,,,,,,,,,,,,,,,,,,,,,,,,,,,,,,,,,,,,,,, 0:
10, 9, Threat and Trust,,,,,, 0.00:1:0.00,,,,,,,,,,,,,,,,,,,,,,,,,,,,,,,,,,,,,,,,,,,,,,,,,,,,,,,,,,, 0.00:1:0.00
10, 10, ,,,,,,,,,,,,,,,,,,,,,,,,,,,,,,,,,,,,,,,,,,,,,,,,,,,,,,,,,,,,,,,,, 0:
10, 10, Threat and Trust,,,,,,,,,,,,,,,,,,,,,,,,,,,,,,,,,,,,,,,,,,,,,,,,,,,,,,,,,,,,,,,,, 0.00:1:0.00
10, 11, ,,,,,,,,,,,,,,,,,,,,,,,,,,,,,,,,,,,,,,,,,,,,,,,,,,,,,,,,,,,,,,,,, 0:
10, 11, Threat and Trust,,,,,,,,,,,,,,,,,,,,,,,,,,,,,,,,,,,,,,,,,,,,,,,,,,,,,,,,,,,,,,,,, 0.00:1:0.00
10, 12, ,,,,, 2:DIPLO_STATE_PATRON,,,,,,,,,,,,,,,,,,,,,,,,,,,,,,,,,,,,,,,,,,,,,,,,,,,,,,,,,,,, 0:
10, 12, Threat and Trust,,,,, 0.00:1:0.00,,,,,,,,,,,,,,,,,,,,,,,,,,,,,,,,,,,,,,,,,,,,,,,,,,,,,,,,,,,, 0.00:1:0.00
10, 13, ,,, 1:DIPLO_STATE_PATRON, 0:DIPLO_STATE_AWARE,,,,,,,,,,,,,,,,,,,,,,,,,,,,,,,,,,,,,,,,,,,,,,,,,,,,,,,,,,,,, 0:
10, 13, Threat and Trust,,, 60.16:1:0.00, 0.00:2:0.00,,,,,,,,,,,,,,,,,,,,,,,,,,,,,,,,,,,,,,,,,,,,,,,,,,,,,,,,,,,,, 0.00:2:0.00
10, 14, ,,,,,, 1:DIPLO_STATE_PATRON,,,,,,,,,,,,,,,,,,,,,,,,,,,,,,,,,,,,,,,,,,,,,,,,,,,,,,,,,,, 0:
10, 14, Threat and Trust,,,,,, 0.00:1:0.00,,,,,,,,,,,,,,,,,,,,,,,,,,,,,,,,,,,,,,,,,,,,,,,,,,,,,,,,,,, 0.00:1:0.00
10, 62, ,, 0:DIPLO_STATE_FREE_CITIES_NEUTRAL, 0:DIPLO_STATE_FREE_CITIES_NEUTRAL, 0:DIPLO_STATE_FREE_CITIES_NEUTRAL, 0:DIPLO_STATE_FREE_CITIES_NEUTRAL, 0:DIPLO_STATE_FREE_CITIES_NEUTRAL, 0:DIPLO_STATE_FREE_CITIES_NEUTRAL,,,,,,,,,,,,,,,,,,,,,,,,,,,,,,,,,,,,,,,,,,,,,,,,,,,,,,,,,,
10, 62, Threat and Trust,, 0.00:3:0.00, 60.16:1:0.00, 0.00:3:0.00, 6.05:2:0.00, 0.00:3:0.00, 0.00:3:0.00,,,,,,,,,,,,,,,,,,,,,,,,,,,,,,,,,,,,,,,,,,,,,,,,,,,,,,,,,,
10, 63, ,, 0:, 0:, 0:, 0:, 0:, 0:, 0:, 0:, 0:, 0:, 0:, 0:, 0:, 0:, 0:,,,,,,,,,,,,,,,,,,,,,,,,,,,,,,,,,,,,,,,,,,,,,,,,,
10, 63, Threat and Trust,, 0.00:1:0.00, 0.00:1:0.00, 0.00:1:0.00, 0.00:1:0.00, 0.00:1:0.00, 0.00:1:0.00, 0.00:1:0.00, 0.00:1:0.00, 0.00:1:0.00, 0.00:1:0.00, 0.00:1:0.00, 0.00:1:0.00, 0.00:1:0.00, 0.00:1:0.00, 0.00:1:0.00,,,,,,,,,,,,,,,,,,,,,,,,,,,,,,,,,,,,,,,,,,,,,,,,,
11, 0, ,,,,,,, -1:DIPLO_STATE_NEUTRAL,, 1:DIPLO_STATE_INFLUENTIAL,,,,,,,,,,,,,,,,,,,,,,,,,,,,,,,,,,,,,,,,,,,,,,,,,,,,,,, 0:DIPLO_STATE_FREE_CITIES_NEUTRAL, 0:
11, 0, Threat and Trust,,,,,,, 0.00:1:0.00,, 0.00:1:0.00,,,,,,,,,,,,,,,,,,,,,,,,,,,,,,,,,,,,,,,,,,,,,,,,,,,,,,, 0.00:1:0.00, 0.00:1:0.00
